qid,P569,S248,s528,s813
Q2392856,+1976-12-30T00:00:00Z/11,Q51850225,"""11004143""",+2018-04-13T00:00:00Z/11
Q1929216,+1951-06-25T00:00:00Z/11,Q51850225,"""11004144""",+2018-04-13T00:00:00Z/11
Q71670,+1953-04-17T00:00:00Z/11,Q51850225,"""11004145""",+2018-04-13T00:00:00Z/11
Q1373882,+1968-05-01T00:00:00Z/11,Q51850225,"""11004146""",+2018-04-13T00:00:00Z/11
Q1085801,+1984-02-21T00:00:00Z/11,Q51850225,"""11004147""",+2018-04-13T00:00:00Z/11
Q1226300,+1968-10-22T00:00:00Z/11,Q51850225,"""11004148""",+2018-04-13T00:00:00Z/11
Q688231,+1961-05-20T00:00:00Z/11,Q51850225,"""11004149""",+2018-04-13T00:00:00Z/11
Q1506477,+1974-05-23T00:00:00Z/11,Q51850225,"""11004150""",+2018-04-13T00:00:00Z/11
Q1354111,+1972-06-02T00:00:00Z/11,Q51850225,"""11004151""",+2018-04-13T00:00:00Z/11
Q1201365,+1962-08-15T00:00:00Z/11,Q51850225,"""11004152""",+2018-04-13T00:00:00Z/11
Q2141547,+1952-10-24T00:00:00Z/11,Q51850225,"""11004153""",+2018-04-13T00:00:00Z/11
Q1736525,+1962-03-21T00:00:00Z/11,Q51850225,"""11004154""",+2018-04-13T00:00:00Z/11
Q1280872,+1971-06-25T00:00:00Z/11,Q51850225,"""11004155""",+2018-04-13T00:00:00Z/11
Q1258931,+1964-07-28T00:00:00Z/11,Q51850225,"""11004156""",+2018-04-13T00:00:00Z/11
Q1045675,+1959-01-13T00:00:00Z/11,Q51850225,"""11004157""",+2018-04-13T00:00:00Z/11
Q2562634,+1944-09-27T00:00:00Z/11,Q51850225,"""11004158""",+2018-04-13T00:00:00Z/11
Q1711078,+1975-10-02T00:00:00Z/11,Q51850225,"""11004159""",+2018-04-13T00:00:00Z/11
Q1586826,+1964-01-05T00:00:00Z/11,Q51850225,"""11004160""",+2018-04-13T00:00:00Z/11
Q2444991,+1963-02-07T00:00:00Z/11,Q51850225,"""11004161""",+2018-04-13T00:00:00Z/11
Q1044264,+1952-05-10T00:00:00Z/11,Q51850225,"""11004162""",+2018-04-13T00:00:00Z/11
Q1444251,+1966-03-02T00:00:00Z/11,Q51850225,"""11004163""",+2018-04-13T00:00:00Z/11
Q2301738,+1963-10-22T00:00:00Z/11,Q51850225,"""11004164""",+2018-04-13T00:00:00Z/11
Q49328,+1947-01-10T00:00:00Z/11,Q51850225,"""11004165""",+2018-04-13T00:00:00Z/11
Q104338,+1948-08-21T00:00:00Z/11,Q51850225,"""11004166""",+2018-04-13T00:00:00Z/11
Q76658,+1956-01-05T00:00:00Z/11,Q51850225,"""11004167""",+2018-04-13T00:00:00Z/11
Q1222886,+1964-06-29T00:00:00Z/11,Q51850225,"""11004168""",+2018-04-13T00:00:00Z/11
Q2343892,+1974-04-01T00:00:00Z/11,Q51850225,"""11004169""",+2018-04-13T00:00:00Z/11
Q1729573,+1967-10-14T00:00:00Z/11,Q51850225,"""11004170""",+2018-04-13T00:00:00Z/11
Q1536197,+1953-11-11T00:00:00Z/11,Q51850225,"""11004171""",+2018-04-13T00:00:00Z/11
Q2643127,+1977-04-18T00:00:00Z/11,Q51850225,"""11004172""",+2018-04-13T00:00:00Z/11
Q1262015,+1968-11-11T00:00:00Z/11,Q51850225,"""11004173""",+2018-04-13T00:00:00Z/11
Q124622,+1974-08-22T00:00:00Z/11,Q51850225,"""11004174""",+2018-04-13T00:00:00Z/11
Q2343911,+1968-06-19T00:00:00Z/11,Q51850225,"""11004175""",+2018-04-13T00:00:00Z/11
Q61386,+1955-01-04T00:00:00Z/11,Q51850225,"""11004176""",+2018-04-13T00:00:00Z/11
Q111255,+1972-11-06T00:00:00Z/11,Q51850225,"""11004177""",+2018-04-13T00:00:00Z/11
Q1416148,+1977-04-17T00:00:00Z/11,Q51850225,"""11004178""",+2018-04-13T00:00:00Z/11
Q105426,+1982-04-29T00:00:00Z/11,Q51850225,"""11004179""",+2018-04-13T00:00:00Z/11
Q2338304,+1966-04-25T00:00:00Z/11,Q51850225,"""11004180""",+2018-04-13T00:00:00Z/11
Q1736530,+1963-09-29T00:00:00Z/11,Q51850225,"""11004181""",+2018-04-13T00:00:00Z/11
Q1696501,+1963-02-10T00:00:00Z/11,Q51850225,"""11004182""",+2018-04-13T00:00:00Z/11
Q77193,+1969-07-16T00:00:00Z/11,Q51850225,"""11004183""",+2018-04-13T00:00:00Z/11
Q1163596,+1957-04-04T00:00:00Z/11,Q51850225,"""11004184""",+2018-04-13T00:00:00Z/11
Q1571185,+1973-07-17T00:00:00Z/11,Q51850225,"""11004185""",+2018-04-13T00:00:00Z/11
Q1584809,+1957-02-13T00:00:00Z/11,Q51850225,"""11004186""",+2018-04-13T00:00:00Z/11
Q2209971,+1958-05-26T00:00:00Z/11,Q51850225,"""11004187""",+2018-04-13T00:00:00Z/11
Q1736766,+1973-05-25T00:00:00Z/11,Q51850225,"""11004188""",+2018-04-13T00:00:00Z/11
Q1744798,+1949-01-05T00:00:00Z/11,Q51850225,"""11004189""",+2018-04-13T00:00:00Z/11
Q2508861,+1954-01-22T00:00:00Z/11,Q51850225,"""11004190""",+2018-04-13T00:00:00Z/11
Q1157334,+1960-09-28T00:00:00Z/11,Q51850225,"""11004191""",+2018-04-13T00:00:00Z/11
Q1565606,+1961-05-03T00:00:00Z/11,Q51850225,"""11004192""",+2018-04-13T00:00:00Z/11
Q100615,+1984-09-28T00:00:00Z/11,Q51850225,"""11004197""",+2018-04-13T00:00:00Z/11
Q74211,+1950-05-26T00:00:00Z/11,Q51850225,"""11004203""",+2018-04-13T00:00:00Z/11
Q1082796,+1954-06-04T00:00:00Z/11,Q51850225,"""11004204""",+2018-04-13T00:00:00Z/11
Q1624554,+1955-11-11T00:00:00Z/11,Q51850225,"""11004205""",+2018-04-13T00:00:00Z/11
Q1697018,+1957-09-03T00:00:00Z/11,Q51850225,"""11004212""",+2018-04-13T00:00:00Z/11
Q1663111,+1956-05-15T00:00:00Z/11,Q51850225,"""11004213""",+2018-04-13T00:00:00Z/11
Q2337377,+1962-06-20T00:00:00Z/11,Q51850225,"""11004214""",+2018-04-13T00:00:00Z/11
Q1524836,+1964-07-08T00:00:00Z/11,Q51850225,"""11004215""",+2018-04-13T00:00:00Z/11
Q1547023,+1981-04-12T00:00:00Z/11,Q51850225,"""11004216""",+2018-04-13T00:00:00Z/11
Q2437890,+1982-01-11T00:00:00Z/11,Q51850225,"""11004217""",+2018-04-13T00:00:00Z/11
Q2476641,+1972-09-02T00:00:00Z/11,Q51850225,"""11004219""",+2018-04-13T00:00:00Z/11
Q1712721,+1959-08-21T00:00:00Z/11,Q51850225,"""11004220""",+2018-04-13T00:00:00Z/11
Q813207,+1964-11-20T00:00:00Z/11,Q51850225,"""11004221""",+2018-04-13T00:00:00Z/11
Q1295233,+1950-12-08T00:00:00Z/11,Q51850225,"""11004222""",+2018-04-13T00:00:00Z/11
Q566688,+1953-04-23T00:00:00Z/11,Q51850225,"""11004223""",+2018-04-13T00:00:00Z/11
Q643822,+1954-03-13T00:00:00Z/11,Q51850225,"""11004225""",+2018-04-13T00:00:00Z/11
Q1677754,+1958-05-05T00:00:00Z/11,Q51850225,"""11004226""",+2018-04-13T00:00:00Z/11
Q1312421,+1952-08-30T00:00:00Z/11,Q51850225,"""11004227""",+2018-04-13T00:00:00Z/11
Q15819002,+1978-03-23T00:00:00Z/11,Q51850225,"""11004229""",+2018-04-13T00:00:00Z/11
Q2369314,+1961-04-24T00:00:00Z/11,Q51850225,"""11004230""",+2018-04-13T00:00:00Z/11
Q15811923,+1964-01-31T00:00:00Z/11,Q51850225,"""11004231""",+2018-04-13T00:00:00Z/11
Q15093113,+1968-06-03T00:00:00Z/11,Q51850225,"""11004241""",+2018-04-13T00:00:00Z/11
Q1736697,+1983-11-20T00:00:00Z/11,Q51850225,"""11004242""",+2018-04-13T00:00:00Z/11
Q1876595,+1984-10-17T00:00:00Z/11,Q51850225,"""11004243""",+2018-04-13T00:00:00Z/11
Q15114946,+1955-09-21T00:00:00Z/11,Q51850225,"""11004244""",+2018-04-13T00:00:00Z/11
Q564328,+1980-12-15T00:00:00Z/11,Q51850225,"""11004245""",+2018-04-13T00:00:00Z/11
Q15114982,+1964-04-25T00:00:00Z/11,Q51850225,"""11004246""",+2018-04-13T00:00:00Z/11
Q15117357,+1968-11-19T00:00:00Z/11,Q51850225,"""11004247""",+2018-04-13T00:00:00Z/11
Q14947864,+1959-01-16T00:00:00Z/11,Q51850225,"""11004248""",+2018-04-13T00:00:00Z/11
Q15123316,+1984-09-07T00:00:00Z/11,Q51850225,"""11004249""",+2018-04-13T00:00:00Z/11
Q15126097,+1981-10-19T00:00:00Z/11,Q51850225,"""11004250""",+2018-04-13T00:00:00Z/11
Q14945716,+1961-01-08T00:00:00Z/11,Q51850225,"""11004251""",+2018-04-13T00:00:00Z/11
Q13641202,+1972-07-05T00:00:00Z/11,Q51850225,"""11004252""",+2018-04-13T00:00:00Z/11
Q15146143,+1961-07-08T00:00:00Z/11,Q51850225,"""11004253""",+2018-04-13T00:00:00Z/11
Q15149837,+1966-03-30T00:00:00Z/11,Q51850225,"""11004254""",+2018-04-13T00:00:00Z/11
Q76265,+1979-08-24T00:00:00Z/11,Q51850225,"""11004255""",+2018-04-13T00:00:00Z/11
Q14946405,+1953-03-14T00:00:00Z/11,Q51850225,"""11004256""",+2018-04-13T00:00:00Z/11
Q15262812,+1974-02-24T00:00:00Z/11,Q51850225,"""11004257""",+2018-04-13T00:00:00Z/11
Q15273689,+1956-06-01T00:00:00Z/11,Q51850225,"""11004258""",+2018-04-13T00:00:00Z/11
Q14943496,+1961-11-27T00:00:00Z/11,Q51850225,"""11004259""",+2018-04-13T00:00:00Z/11
Q2643580,+1953-02-17T00:00:00Z/11,Q51850225,"""11004260""",+2018-04-13T00:00:00Z/11
Q1421371,+1964-09-15T00:00:00Z/11,Q51850225,"""11004261""",+2018-04-13T00:00:00Z/11
Q15813241,+1967-06-08T00:00:00Z/11,Q51850225,"""11004262""",+2018-04-13T00:00:00Z/11
Q15795521,+1984-09-16T00:00:00Z/11,Q51850225,"""11004263""",+2018-04-13T00:00:00Z/11
Q15813798,+1971-07-29T00:00:00Z/11,Q51850225,"""11004264""",+2018-04-13T00:00:00Z/11
Q15813783,+1952-01-22T00:00:00Z/11,Q51850225,"""11004265""",+2018-04-13T00:00:00Z/11
Q1930023,+1960-10-10T00:00:00Z/11,Q51850225,"""11004266""",+2018-04-13T00:00:00Z/11
Q15813082,+1961-08-28T00:00:00Z/11,Q51850225,"""11004267""",+2018-04-13T00:00:00Z/11
Q823426,+1965-05-14T00:00:00Z/11,Q51850225,"""11004268""",+2018-04-13T00:00:00Z/11
Q15434637,+1963-03-26T00:00:00Z/11,Q51850225,"""11004269""",+2018-04-13T00:00:00Z/11
Q15434300,+1972-11-25T00:00:00Z/11,Q51850225,"""11004270""",+2018-04-13T00:00:00Z/11
Q15813196,+1965-11-02T00:00:00Z/11,Q51850225,"""11004271""",+2018-04-13T00:00:00Z/11
Q1466201,+1968-09-01T00:00:00Z/11,Q51850225,"""11004272""",+2018-04-13T00:00:00Z/11
Q15449253,+1956-12-16T00:00:00Z/11,Q51850225,"""11004273""",+2018-04-13T00:00:00Z/11
Q15794187,+1974-04-15T00:00:00Z/11,Q51850225,"""11004274""",+2018-04-13T00:00:00Z/11
Q2475804,+1951-04-12T00:00:00Z/11,Q51850225,"""11004275""",+2018-04-13T00:00:00Z/11
Q2429104,+1973-08-08T00:00:00Z/11,Q51850225,"""11004276""",+2018-04-13T00:00:00Z/11
Q15434482,+1973-10-09T00:00:00Z/11,Q51850225,"""11004277""",+2018-04-13T00:00:00Z/11
Q15795921,+1970-12-26T00:00:00Z/11,Q51850225,"""11004278""",+2018-04-13T00:00:00Z/11
Q14943152,+1978-05-05T00:00:00Z/11,Q51850225,"""11004279""",+2018-04-13T00:00:00Z/11
Q15813197,+1965-05-24T00:00:00Z/11,Q51850225,"""11004280""",+2018-04-13T00:00:00Z/11
Q1744731,+1966-04-17T00:00:00Z/11,Q51850225,"""11004281""",+2018-04-13T00:00:00Z/11
Q15813108,+1975-07-14T00:00:00Z/11,Q51850225,"""11004282""",+2018-04-13T00:00:00Z/11
Q15813228,+1971-08-21T00:00:00Z/11,Q51850225,"""11004283""",+2018-04-13T00:00:00Z/11
Q90275,+1949-02-28T00:00:00Z/11,Q51850225,"""11004284""",+2018-04-13T00:00:00Z/11
Q1466480,+1966-05-06T00:00:00Z/11,Q51850225,"""11004285""",+2018-04-13T00:00:00Z/11
Q14943656,+1966-05-06T00:00:00Z/11,Q51850225,"""11004286""",+2018-04-13T00:00:00Z/11
Q15813119,+1970-11-11T00:00:00Z/11,Q51850225,"""11004287""",+2018-04-13T00:00:00Z/11
Q1764708,+1963-04-20T00:00:00Z/11,Q51850225,"""11004288""",+2018-04-13T00:00:00Z/11
Q1925636,+1969-06-25T00:00:00Z/11,Q51850225,"""11004289""",+2018-04-13T00:00:00Z/11
Q15434235,+1964-10-28T00:00:00Z/11,Q51850225,"""11004290""",+2018-04-13T00:00:00Z/11
Q15434520,+1977-07-07T00:00:00Z/11,Q51850225,"""11004291""",+2018-04-13T00:00:00Z/11
Q15813749,+1977-12-18T00:00:00Z/11,Q51850225,"""11004292""",+2018-04-13T00:00:00Z/11
Q15813755,+1984-04-29T00:00:00Z/11,Q51850225,"""11004293""",+2018-04-13T00:00:00Z/11
Q15848995,+1982-08-18T00:00:00Z/11,Q51850225,"""11004294""",+2018-04-13T00:00:00Z/11
Q15806072,+1961-04-21T00:00:00Z/11,Q51850225,"""11004295""",+2018-04-13T00:00:00Z/11
Q15811213,+1963-04-18T00:00:00Z/11,Q51850225,"""11004296""",+2018-04-13T00:00:00Z/11
Q15813137,+1977-10-15T00:00:00Z/11,Q51850225,"""11004297""",+2018-04-13T00:00:00Z/11
Q15813758,+1978-09-08T00:00:00Z/11,Q51850225,"""11004298""",+2018-04-13T00:00:00Z/11
Q15813784,+1957-09-20T00:00:00Z/11,Q51850225,"""11004299""",+2018-04-13T00:00:00Z/11
Q15813173,+1962-07-12T00:00:00Z/11,Q51850225,"""11004300""",+2018-04-13T00:00:00Z/11
Q1609894,+1958-03-31T00:00:00Z/11,Q51850225,"""11004302""",+2018-04-13T00:00:00Z/11
Q15433139,+1982-06-22T00:00:00Z/11,Q51850225,"""11004303""",+2018-04-13T00:00:00Z/11
Q15782242,+1975-03-06T00:00:00Z/11,Q51850225,"""11004304""",+2018-04-13T00:00:00Z/11
Q1605046,+1972-06-14T00:00:00Z/11,Q51850225,"""11004305""",+2018-04-13T00:00:00Z/11
Q15813759,+1967-09-25T00:00:00Z/11,Q51850225,"""11004306""",+2018-04-13T00:00:00Z/11
Q15813246,+1972-07-19T00:00:00Z/11,Q51850225,"""11004307""",+2018-04-13T00:00:00Z/11
Q71508,+1956-12-03T00:00:00Z/11,Q51850225,"""11004308""",+2018-04-13T00:00:00Z/11
Q15813023,+1968-09-09T00:00:00Z/11,Q51850225,"""11004309""",+2018-04-13T00:00:00Z/11
Q15113817,+1983-12-06T00:00:00Z/11,Q51850225,"""11004310""",+2018-04-13T00:00:00Z/11
Q15808359,+1970-05-27T00:00:00Z/11,Q51850225,"""11004311""",+2018-04-13T00:00:00Z/11
Q1222215,+1976-05-25T00:00:00Z/11,Q51850225,"""11004312""",+2018-04-13T00:00:00Z/11
Q15794282,+1978-09-06T00:00:00Z/11,Q51850225,"""11004313""",+2018-04-13T00:00:00Z/11
Q14943000,+1967-11-29T00:00:00Z/11,Q51850225,"""11004314""",+2018-04-13T00:00:00Z/11
Q2141429,+1966-06-04T00:00:00Z/11,Q51850225,"""11004315""",+2018-04-13T00:00:00Z/11
Q15813187,+1962-03-23T00:00:00Z/11,Q51850225,"""11004316""",+2018-04-13T00:00:00Z/11
Q15810123,+1967-05-05T00:00:00Z/11,Q51850225,"""11004317""",+2018-04-13T00:00:00Z/11
Q2425230,+1962-06-19T00:00:00Z/11,Q51850225,"""11004318""",+2018-04-13T00:00:00Z/11
Q15434563,+1980-07-11T00:00:00Z/11,Q51850225,"""11004319""",+2018-04-13T00:00:00Z/11
Q15813204,+1984-02-14T00:00:00Z/11,Q51850225,"""11004320""",+2018-04-13T00:00:00Z/11
Q1499915,+1954-12-24T00:00:00Z/11,Q51850225,"""11004321""",+2018-04-13T00:00:00Z/11
Q15433980,+1980-05-07T00:00:00Z/11,Q51850225,"""11004322""",+2018-04-13T00:00:00Z/11
Q15783504,+1971-04-29T00:00:00Z/11,Q51850225,"""11004323""",+2018-04-13T00:00:00Z/11
Q1739668,+1958-01-07T00:00:00Z/11,Q51850225,"""11004324""",+2018-04-13T00:00:00Z/11
Q15811216,+1960-07-08T00:00:00Z/11,Q51850225,"""11004325""",+2018-04-13T00:00:00Z/11
Q15813136,+1960-03-22T00:00:00Z/11,Q51850225,"""11004326""",+2018-04-13T00:00:00Z/11
Q15434294,+1959-09-21T00:00:00Z/11,Q51850225,"""11004327""",+2018-04-13T00:00:00Z/11
Q15434496,+1975-10-08T00:00:00Z/11,Q51850225,"""11004328""",+2018-04-13T00:00:00Z/11
Q15027363,+1952-02-01T00:00:00Z/11,Q51850225,"""11004329""",+2018-04-13T00:00:00Z/11
Q15792744,+1967-12-19T00:00:00Z/11,Q51850225,"""11004330""",+2018-04-13T00:00:00Z/11
Q15813753,+1977-12-05T00:00:00Z/11,Q51850225,"""11004331""",+2018-04-13T00:00:00Z/11
Q15793659,+1979-06-11T00:00:00Z/11,Q51850225,"""11004332""",+2018-04-13T00:00:00Z/11
Q106938,+1979-04-09T00:00:00Z/11,Q51850225,"""11004333""",+2018-04-13T00:00:00Z/11
Q15813206,+1967-09-27T00:00:00Z/11,Q51850225,"""11004334""",+2018-04-13T00:00:00Z/11
Q15010789,+1962-05-21T00:00:00Z/11,Q51850225,"""11004335""",+2018-04-13T00:00:00Z/11
Q15644592,+1976-12-27T00:00:00Z/11,Q51850225,"""11004336""",+2018-04-13T00:00:00Z/11
Q15434284,+1975-03-03T00:00:00Z/11,Q51850225,"""11004337""",+2018-04-13T00:00:00Z/11
Q15439343,+1972-03-21T00:00:00Z/11,Q51850225,"""11004338""",+2018-04-13T00:00:00Z/11
Q15783327,+1981-04-23T00:00:00Z/11,Q51850225,"""11004339""",+2018-04-13T00:00:00Z/11
Q15783644,+1960-06-30T00:00:00Z/11,Q51850225,"""11004341""",+2018-04-13T00:00:00Z/11
Q15644594,+1970-09-25T00:00:00Z/11,Q51850225,"""11004342""",+2018-04-13T00:00:00Z/11
Q15854424,+1942-09-17T00:00:00Z/11,Q51850225,"""11004343""",+2018-04-13T00:00:00Z/11
Q15813172,+1958-11-13T00:00:00Z/11,Q51850225,"""11004344""",+2018-04-13T00:00:00Z/11
Q15435489,+1962-02-04T00:00:00Z/11,Q51850225,"""11004345""",+2018-04-13T00:00:00Z/11
Q15647562,+1979-11-28T00:00:00Z/11,Q51850225,"""11004346""",+2018-04-13T00:00:00Z/11
Q15788746,+1958-04-09T00:00:00Z/11,Q51850225,"""11004347""",+2018-04-13T00:00:00Z/11
Q15812348,+1958-02-11T00:00:00Z/11,Q51850225,"""11004348""",+2018-04-13T00:00:00Z/11
Q15434567,+1962-08-03T00:00:00Z/11,Q51850225,"""11004349""",+2018-04-13T00:00:00Z/11
Q15813209,+1953-10-15T00:00:00Z/11,Q51850225,"""11004350""",+2018-04-13T00:00:00Z/11
Q15840112,+1966-03-31T00:00:00Z/11,Q51850225,"""11004351""",+2018-04-13T00:00:00Z/11
Q15230330,+1981-07-05T00:00:00Z/11,Q51850225,"""11004352""",+2018-04-13T00:00:00Z/11
Q15433827,+1976-11-17T00:00:00Z/11,Q51850225,"""11004353""",+2018-04-13T00:00:00Z/11
Q15813142,+1964-05-16T00:00:00Z/11,Q51850225,"""11004354""",+2018-04-13T00:00:00Z/11
Q15813113,+1958-07-25T00:00:00Z/11,Q51850225,"""11004355""",+2018-04-13T00:00:00Z/11
Q15008648,+1949-08-30T00:00:00Z/11,Q51850225,"""11004356""",+2018-04-13T00:00:00Z/11
Q1329839,+1952-10-13T00:00:00Z/11,Q51850225,"""11004357""",+2018-04-13T00:00:00Z/11
Q15792684,+1959-06-07T00:00:00Z/11,Q51850225,"""11004358""",+2018-04-13T00:00:00Z/11
Q1404562,+1980-04-09T00:00:00Z/11,Q51850225,"""11004359""",+2018-04-13T00:00:00Z/11
Q77685,+1968-01-10T00:00:00Z/11,Q51850225,"""11004360""",+2018-04-13T00:00:00Z/11
Q15434455,+1969-03-19T00:00:00Z/11,Q51850225,"""11004361""",+2018-04-13T00:00:00Z/11
Q15272462,+1967-04-26T00:00:00Z/11,Q51850225,"""11004362""",+2018-04-13T00:00:00Z/11
Q15120341,+1959-06-16T00:00:00Z/11,Q51850225,"""11004363""",+2018-04-13T00:00:00Z/11
Q15813794,+1941-04-19T00:00:00Z/11,Q51850225,"""11004364""",+2018-04-13T00:00:00Z/11
Q15813191,+1975-09-16T00:00:00Z/11,Q51850225,"""11004365""",+2018-04-13T00:00:00Z/11
Q14943430,+1980-07-05T00:00:00Z/11,Q51850225,"""11004366""",+2018-04-13T00:00:00Z/11
Q15434487,+1979-06-16T00:00:00Z/11,Q51850225,"""11004367""",+2018-04-13T00:00:00Z/11
Q15648956,+1987-06-23T00:00:00Z/11,Q51850225,"""11004368""",+2018-04-13T00:00:00Z/11
Q15813788,+1957-12-01T00:00:00Z/11,Q51850225,"""11004369""",+2018-04-13T00:00:00Z/11
Q15813200,+1961-01-01T00:00:00Z/11,Q51850225,"""11004370""",+2018-04-13T00:00:00Z/11
Q14945677,+1963-06-08T00:00:00Z/11,Q51850225,"""11004371""",+2018-04-13T00:00:00Z/11
Q118115,+1947-07-23T00:00:00Z/11,Q51850225,"""11004372""",+2018-04-13T00:00:00Z/11
Q15434478,+1984-09-06T00:00:00Z/11,Q51850225,"""11004373""",+2018-04-13T00:00:00Z/11
Q1584668,+1962-03-28T00:00:00Z/11,Q51850225,"""11004374""",+2018-04-13T00:00:00Z/11
Q15813171,+1973-07-16T00:00:00Z/11,Q51850225,"""11004375""",+2018-04-13T00:00:00Z/11
Q15092002,+1955-04-29T00:00:00Z/11,Q51850225,"""11004376""",+2018-04-13T00:00:00Z/11
Q15813116,+1968-10-04T00:00:00Z/11,Q51850225,"""11004377""",+2018-04-13T00:00:00Z/11
Q340448,+1959-05-02T00:00:00Z/11,Q51850225,"""11004378""",+2018-04-13T00:00:00Z/11
Q15091968,+1981-05-27T00:00:00Z/11,Q51850225,"""11004379""",+2018-04-13T00:00:00Z/11
Q2288151,+1962-12-25T00:00:00Z/11,Q51850225,"""11004380""",+2018-04-13T00:00:00Z/11
Q15041845,+1971-09-02T00:00:00Z/11,Q51850225,"""11004381""",+2018-04-13T00:00:00Z/11
Q15813779,+1974-11-01T00:00:00Z/11,Q51850225,"""11004382""",+2018-04-13T00:00:00Z/11
Q78198,+1964-08-30T00:00:00Z/11,Q51850225,"""11004383""",+2018-04-13T00:00:00Z/11
Q15434505,+1965-01-07T00:00:00Z/11,Q51850225,"""11004384""",+2018-04-13T00:00:00Z/11
Q1905496,+1967-03-11T00:00:00Z/11,Q51850225,"""11004385""",+2018-04-13T00:00:00Z/11
Q15275916,+1962-11-27T00:00:00Z/11,Q51850225,"""11004386""",+2018-04-13T00:00:00Z/11
Q15783337,+1962-12-24T00:00:00Z/11,Q51850225,"""11004387""",+2018-04-13T00:00:00Z/11
Q15613500,+1986-06-24T00:00:00Z/11,Q51850225,"""11004388""",+2018-04-13T00:00:00Z/11
Q15434186,+1976-10-20T00:00:00Z/11,Q51850225,"""11004389""",+2018-04-13T00:00:00Z/11
Q15092209,+1975-10-11T00:00:00Z/11,Q51850225,"""11004390""",+2018-04-13T00:00:00Z/11
Q15813112,+1977-07-21T00:00:00Z/11,Q51850225,"""11004391""",+2018-04-13T00:00:00Z/11
Q15792620,+1968-10-02T00:00:00Z/11,Q51850225,"""11004392""",+2018-04-13T00:00:00Z/11
Q15813144,+1967-12-09T00:00:00Z/11,Q51850225,"""11004393""",+2018-04-13T00:00:00Z/11
Q15433806,+1952-01-20T00:00:00Z/11,Q51850225,"""11004394""",+2018-04-13T00:00:00Z/11
Q14943234,+1966-04-30T00:00:00Z/11,Q51850225,"""11004395""",+2018-04-13T00:00:00Z/11
Q2789935,+1971-09-11T00:00:00Z/11,Q51850225,"""11004396""",+2018-04-13T00:00:00Z/11
Q15813111,+1959-08-07T00:00:00Z/11,Q51850225,"""11004397""",+2018-04-13T00:00:00Z/11
Q15434319,+1979-09-06T00:00:00Z/11,Q51850225,"""11004398""",+2018-04-13T00:00:00Z/11
Q15434253,+1959-04-27T00:00:00Z/11,Q51850225,"""11004399""",+2018-04-13T00:00:00Z/11
Q15340085,+1970-03-24T00:00:00Z/11,Q51850225,"""11004400""",+2018-04-13T00:00:00Z/11
Q15433815,+1973-03-13T00:00:00Z/11,Q51850225,"""11004401""",+2018-04-13T00:00:00Z/11
Q15434556,+1956-07-02T00:00:00Z/11,Q51850225,"""11004402""",+2018-04-13T00:00:00Z/11
Q15813132,+1963-02-08T00:00:00Z/11,Q51850225,"""11004403""",+2018-04-13T00:00:00Z/11
Q15813103,+1952-08-09T00:00:00Z/11,Q51850225,"""11004404""",+2018-04-13T00:00:00Z/11
Q1784303,+1956-12-31T00:00:00Z/11,Q51850225,"""11004405""",+2018-04-13T00:00:00Z/11
Q14946974,+1954-07-03T00:00:00Z/11,Q51850225,"""11004406""",+2018-04-13T00:00:00Z/11
Q15434565,+1965-03-03T00:00:00Z/11,Q51850225,"""11004407""",+2018-04-13T00:00:00Z/11
Q15644584,+1976-09-12T00:00:00Z/11,Q51850225,"""11004408""",+2018-04-13T00:00:00Z/11
Q14946180,+1975-03-04T00:00:00Z/11,Q51850225,"""11004409""",+2018-04-13T00:00:00Z/11
Q15813124,+1956-01-27T00:00:00Z/11,Q51850225,"""11004410""",+2018-04-13T00:00:00Z/11
Q1997225,+1957-09-26T00:00:00Z/11,Q51850225,"""11004411""",+2018-04-13T00:00:00Z/11
Q15813114,+1976-08-26T00:00:00Z/11,Q51850225,"""11004412""",+2018-04-13T00:00:00Z/11
Q15813133,+1965-04-23T00:00:00Z/11,Q51850225,"""11004413""",+2018-04-13T00:00:00Z/11
Q15813189,+1985-04-20T00:00:00Z/11,Q51850225,"""11004414""",+2018-04-13T00:00:00Z/11
Q15782057,+1976-03-09T00:00:00Z/11,Q51850225,"""11004415""",+2018-04-13T00:00:00Z/11
Q2078469,+1968-01-18T00:00:00Z/11,Q51850225,"""11004416""",+2018-04-13T00:00:00Z/11
Q14944335,+1973-06-19T00:00:00Z/11,Q51850225,"""11004417""",+2018-04-13T00:00:00Z/11
Q15813787,+1987-06-18T00:00:00Z/11,Q51850225,"""11004418""",+2018-04-13T00:00:00Z/11
Q15813207,+1967-11-01T00:00:00Z/11,Q51850225,"""11004419""",+2018-04-13T00:00:00Z/11
Q2427505,+1957-09-22T00:00:00Z/11,Q51850225,"""11004420""",+2018-04-13T00:00:00Z/11
Q14946273,+1958-02-15T00:00:00Z/11,Q51850225,"""11004421""",+2018-04-13T00:00:00Z/11
Q15432880,+1950-01-01T00:00:00Z/11,Q51850225,"""11004422""",+2018-04-13T00:00:00Z/11
Q15432230,+1964-07-22T00:00:00Z/11,Q51850225,"""11004423""",+2018-04-13T00:00:00Z/11
Q15813128,+1964-09-06T00:00:00Z/11,Q51850225,"""11004424""",+2018-04-13T00:00:00Z/11
Q15784254,+1963-06-22T00:00:00Z/11,Q51850225,"""11004425""",+2018-04-13T00:00:00Z/11
Q15793668,+1973-10-25T00:00:00Z/11,Q51850225,"""11004426""",+2018-04-13T00:00:00Z/11
Q14943609,+1975-10-14T00:00:00Z/11,Q51850225,"""11004427""",+2018-04-13T00:00:00Z/11
Q15021037,+1961-05-16T00:00:00Z/11,Q51850225,"""11004428""",+2018-04-13T00:00:00Z/11
Q15805255,+1979-01-18T00:00:00Z/11,Q51850225,"""11004429""",+2018-04-13T00:00:00Z/11
Q15434179,+1973-08-06T00:00:00Z/11,Q51850225,"""11004430""",+2018-04-13T00:00:00Z/11
Q15031116,+1968-11-16T00:00:00Z/11,Q51850225,"""11004431""",+2018-04-13T00:00:00Z/11
Q14944135,+1976-04-15T00:00:00Z/11,Q51850225,"""11004432""",+2018-04-13T00:00:00Z/11
Q15806084,+1971-05-29T00:00:00Z/11,Q51850225,"""11004433""",+2018-04-13T00:00:00Z/11
Q15794159,+1961-06-01T00:00:00Z/11,Q51850225,"""11004434""",+2018-04-13T00:00:00Z/11
Q14943723,+1955-08-30T00:00:00Z/11,Q51850225,"""11004435""",+2018-04-13T00:00:00Z/11
Q15805256,+1963-01-28T00:00:00Z/11,Q51850225,"""11004436""",+2018-04-13T00:00:00Z/11
Q15644599,+1979-05-15T00:00:00Z/11,Q51850225,"""11004437""",+2018-04-13T00:00:00Z/11
Q15433061,+1955-03-24T00:00:00Z/11,Q51850225,"""11004438""",+2018-04-13T00:00:00Z/11
Q15027368,+1965-10-15T00:00:00Z/11,Q51850225,"""11004439""",+2018-04-13T00:00:00Z/11
Q85773,+1976-03-11T00:00:00Z/11,Q51850225,"""11004440""",+2018-04-13T00:00:00Z/11
Q14946186,+1985-06-09T00:00:00Z/11,Q51850225,"""11004441""",+2018-04-13T00:00:00Z/11
Q15114148,+1960-09-30T00:00:00Z/11,Q51850225,"""11004442""",+2018-04-13T00:00:00Z/11
Q15813781,+1985-04-10T00:00:00Z/11,Q51850225,"""11004443""",+2018-04-13T00:00:00Z/11
Q14943007,+1983-07-11T00:00:00Z/11,Q51850225,"""11004444""",+2018-04-13T00:00:00Z/11
Q109375,+1966-09-24T00:00:00Z/11,Q51850225,"""11004445""",+2018-04-13T00:00:00Z/11
Q865376,+1950-12-15T00:00:00Z/11,Q51850225,"""11004446""",+2018-04-13T00:00:00Z/11
Q15785525,+1957-01-23T00:00:00Z/11,Q51850225,"""11004447""",+2018-04-13T00:00:00Z/11
Q1560111,+1962-03-27T00:00:00Z/11,Q51850225,"""11004448""",+2018-04-13T00:00:00Z/11
Q15434412,+1954-10-29T00:00:00Z/11,Q51850225,"""11004449""",+2018-04-13T00:00:00Z/11
Q14943431,+1981-07-09T00:00:00Z/11,Q51850225,"""11004450""",+2018-04-13T00:00:00Z/11
Q15813802,+1957-05-12T00:00:00Z/11,Q51850225,"""11004451""",+2018-04-13T00:00:00Z/11
Q6578572,+1987-03-27T00:00:00Z/11,Q51850225,"""11004452""",+2018-04-13T00:00:00Z/11
Q14947102,+1970-12-05T00:00:00Z/11,Q51850225,"""11004453""",+2018-04-13T00:00:00Z/11
Q1356102,+1956-09-17T00:00:00Z/11,Q51850225,"""11004454""",+2018-04-13T00:00:00Z/11
Q15622710,+1960-07-21T00:00:00Z/11,Q51850225,"""11004455""",+2018-04-13T00:00:00Z/11
Q15813170,+1981-09-09T00:00:00Z/11,Q51850225,"""11004603""",+2018-04-13T00:00:00Z/11
Q14946390,+1957-10-22T00:00:00Z/11,Q51850225,"""11004604""",+2018-04-13T00:00:00Z/11
Q15794238,+1965-03-15T00:00:00Z/11,Q51850225,"""11004605""",+2018-04-13T00:00:00Z/11
Q15853409,+1953-08-04T00:00:00Z/11,Q51850225,"""11004611""",+2018-04-13T00:00:00Z/11
Q15263649,+1986-02-10T00:00:00Z/11,Q51850225,"""11004613""",+2018-04-13T00:00:00Z/11
Q19834635,+1962-02-05T00:00:00Z/11,Q51850225,"""11004614""",+2018-04-13T00:00:00Z/11
Q19402658,+1961-02-05T00:00:00Z/11,Q51850225,"""11004616""",+2018-04-13T00:00:00Z/11
Q19299319,+1989-05-03T00:00:00Z/11,Q51850225,"""11004617""",+2018-04-13T00:00:00Z/11
Q19758044,+1962-05-16T00:00:00Z/11,Q51850225,"""11004619""",+2018-04-13T00:00:00Z/11
Q19828181,+1958-07-21T00:00:00Z/11,Q51850225,"""11004620""",+2018-04-13T00:00:00Z/11
Q20243318,+1960-07-05T00:00:00Z/11,Q51850225,"""11004621""",+2018-04-13T00:00:00Z/11
Q1426157,+1983-01-31T00:00:00Z/11,Q51850225,"""11004622""",+2018-04-13T00:00:00Z/11
Q2531163,+1955-01-10T00:00:00Z/11,Q51850225,"""11004623""",+2018-04-13T00:00:00Z/11
Q16739242,+1952-09-19T00:00:00Z/11,Q51850225,"""11004626""",+2018-04-13T00:00:00Z/11
Q21481433,+1959-12-17T00:00:00Z/11,Q51850225,"""11004627""",+2018-04-13T00:00:00Z/11
Q28374579,+1959-04-27T00:00:00Z/11,Q51850225,"""11004635""",+2018-04-13T00:00:00Z/11
Q24456217,+1970-11-04T00:00:00Z/11,Q51850225,"""11004636""",+2018-04-13T00:00:00Z/11
Q28845782,+1946-04-01T00:00:00Z/11,Q51850225,"""11004637""",+2018-04-13T00:00:00Z/11
Q25906244,+1969-08-16T00:00:00Z/11,Q51850225,"""11004639""",+2018-04-13T00:00:00Z/11
Q25939195,+1967-01-28T00:00:00Z/11,Q51850225,"""11004640""",+2018-04-13T00:00:00Z/11
Q27791758,+1945-01-25T00:00:00Z/11,Q51850225,"""11004641""",+2018-04-13T00:00:00Z/11
Q28035882,+1967-03-29T00:00:00Z/11,Q51850225,"""11004642""",+2018-04-13T00:00:00Z/11
Q1307325,+1958-10-20T00:00:00Z/11,Q51850225,"""11004643""",+2018-04-13T00:00:00Z/11
Q33105804,+1973-03-19T00:00:00Z/11,Q51850225,"""11004644""",+2018-04-13T00:00:00Z/11
Q33519815,+1979-10-31T00:00:00Z/11,Q51850225,"""11004645""",+2018-04-13T00:00:00Z/11
Q1666351,+1952-11-17T00:00:00Z/11,Q51850225,"""11004650""",+2018-04-13T00:00:00Z/11
Q40097453,+1976-11-30T00:00:00Z/11,Q51850225,"""11004651""",+2018-04-13T00:00:00Z/11
Q40998799,+1965-08-19T00:00:00Z/11,Q51850225,"""11004652""",+2018-04-13T00:00:00Z/11
Q40997638,+1982-11-16T00:00:00Z/11,Q51850225,"""11004653""",+2018-04-13T00:00:00Z/11
Q40997592,+1965-08-27T00:00:00Z/11,Q51850225,"""11004654""",+2018-04-13T00:00:00Z/11
Q1996643,+1972-07-27T00:00:00Z/11,Q51850225,"""11004655""",+2018-04-13T00:00:00Z/11
Q40998607,+1992-11-10T00:00:00Z/11,Q51850225,"""11004656""",+2018-04-13T00:00:00Z/11
Q40998238,+1983-10-02T00:00:00Z/11,Q51850225,"""11004659""",+2018-04-13T00:00:00Z/11
Q40998271,+1963-10-05T00:00:00Z/11,Q51850225,"""11004660""",+2018-04-13T00:00:00Z/11
Q40998121,+1987-03-19T00:00:00Z/11,Q51850225,"""11004661""",+2018-04-13T00:00:00Z/11
Q19362177,+1958-01-31T00:00:00Z/11,Q51850225,"""11004662""",+2018-04-13T00:00:00Z/11
Q1894938,+1959-01-19T00:00:00Z/11,Q51850225,"""11004663""",+2018-04-13T00:00:00Z/11
Q40997659,+1983-10-15T00:00:00Z/11,Q51850225,"""11004664""",+2018-04-13T00:00:00Z/11
Q1032742,+1966-02-11T00:00:00Z/11,Q51850225,"""11004665""",+2018-04-13T00:00:00Z/11
Q40803793,+1969-09-19T00:00:00Z/11,Q51850225,"""11004666""",+2018-04-13T00:00:00Z/11
Q40999063,+1967-07-31T00:00:00Z/11,Q51850225,"""11004667""",+2018-04-13T00:00:00Z/11
Q1986069,+1970-01-23T00:00:00Z/11,Q51850225,"""11004668""",+2018-04-13T00:00:00Z/11
Q40976001,+1972-02-05T00:00:00Z/11,Q51850225,"""11004669""",+2018-04-13T00:00:00Z/11
Q40999288,+1976-09-28T00:00:00Z/11,Q51850225,"""11004670""",+2018-04-13T00:00:00Z/11
Q42116735,+1984-02-08T00:00:00Z/11,Q51850225,"""11004671""",+2018-04-13T00:00:00Z/11
Q40804106,+1978-07-18T00:00:00Z/11,Q51850225,"""11004672""",+2018-04-13T00:00:00Z/11
Q42115961,+1979-09-03T00:00:00Z/11,Q51850225,"""11004673""",+2018-04-13T00:00:00Z/11
Q40979188,+1988-04-17T00:00:00Z/11,Q51850225,"""11004674""",+2018-04-13T00:00:00Z/11
Q37810277,+1969-04-06T00:00:00Z/11,Q51850225,"""11004675""",+2018-04-13T00:00:00Z/11
Q41699566,+1986-03-08T00:00:00Z/11,Q51850225,"""11004676""",+2018-04-13T00:00:00Z/11
Q40999277,+1983-10-03T00:00:00Z/11,Q51850225,"""11004677""",+2018-04-13T00:00:00Z/11
Q18176740,+1966-05-29T00:00:00Z/11,Q51850225,"""11004678""",+2018-04-13T00:00:00Z/11
Q40997616,+1990-07-14T00:00:00Z/11,Q51850225,"""11004679""",+2018-04-13T00:00:00Z/11
Q40994438,+1961-08-25T00:00:00Z/11,Q51850225,"""11004680""",+2018-04-13T00:00:00Z/11
Q40998761,+1973-07-23T00:00:00Z/11,Q51850225,"""11004681""",+2018-04-13T00:00:00Z/11
Q40998256,+1971-10-18T00:00:00Z/11,Q51850225,"""11004682""",+2018-04-13T00:00:00Z/11
Q1817709,+1960-04-26T00:00:00Z/11,Q51850225,"""11004683""",+2018-04-13T00:00:00Z/11
Q40998983,+1967-09-05T00:00:00Z/11,Q51850225,"""11004684""",+2018-04-13T00:00:00Z/11
Q1736700,+1965-04-13T00:00:00Z/11,Q51850225,"""11004686""",+2018-04-13T00:00:00Z/11
Q40813093,+1977-04-29T00:00:00Z/11,Q51850225,"""11004687""",+2018-04-13T00:00:00Z/11
Q865473,+1963-11-09T00:00:00Z/11,Q51850225,"""11004688""",+2018-04-13T00:00:00Z/11
Q1733789,+1951-04-05T00:00:00Z/11,Q51850225,"""11004690""",+2018-04-13T00:00:00Z/11
Q41617093,+1990-11-04T00:00:00Z/11,Q51850225,"""11004691""",+2018-04-13T00:00:00Z/11
Q24260075,+1972-11-30T00:00:00Z/11,Q51850225,"""11004692""",+2018-04-13T00:00:00Z/11
Q40998571,+1958-06-08T00:00:00Z/11,Q51850225,"""11004693""",+2018-04-13T00:00:00Z/11
Q40997480,+1983-09-24T00:00:00Z/11,Q51850225,"""11004694""",+2018-04-13T00:00:00Z/11
Q40895143,+1975-04-14T00:00:00Z/11,Q51850225,"""11004695""",+2018-04-13T00:00:00Z/11
Q40896434,+1973-04-06T00:00:00Z/11,Q51850225,"""11004696""",+2018-04-13T00:00:00Z/11
Q40999085,+1962-07-30T00:00:00Z/11,Q51850225,"""11004697""",+2018-04-13T00:00:00Z/11
Q27917019,+1960-09-02T00:00:00Z/11,Q51850225,"""11004698""",+2018-04-13T00:00:00Z/11
Q750543,+1958-03-30T00:00:00Z/11,Q51850225,"""11004699""",+2018-04-13T00:00:00Z/11
Q40998247,+1964-07-22T00:00:00Z/11,Q51850225,"""11004700""",+2018-04-13T00:00:00Z/11
Q40988876,+1965-09-18T00:00:00Z/11,Q51850225,"""11004701""",+2018-04-13T00:00:00Z/11
Q556667,+1968-02-17T00:00:00Z/11,Q51850225,"""11004703""",+2018-04-13T00:00:00Z/11
Q40428300,+1969-06-07T00:00:00Z/11,Q51850225,"""11004704""",+2018-04-13T00:00:00Z/11
Q102641,+1977-04-18T00:00:00Z/11,Q51850225,"""11004705""",+2018-04-13T00:00:00Z/11
Q40997474,+1956-05-13T00:00:00Z/11,Q51850225,"""11004706""",+2018-04-13T00:00:00Z/11
Q40998823,+1959-03-20T00:00:00Z/11,Q51850225,"""11004707""",+2018-04-13T00:00:00Z/11
Q40477093,+1978-01-07T00:00:00Z/11,Q51850225,"""11004708""",+2018-04-13T00:00:00Z/11
Q40998551,+1974-07-22T00:00:00Z/11,Q51850225,"""11004709""",+2018-04-13T00:00:00Z/11
Q40999031,+1984-02-11T00:00:00Z/11,Q51850225,"""11004710""",+2018-04-13T00:00:00Z/11
Q40875653,+1989-05-05T00:00:00Z/11,Q51850225,"""11004711""",+2018-04-13T00:00:00Z/11
Q27882896,+1984-02-04T00:00:00Z/11,Q51850225,"""11004712""",+2018-04-13T00:00:00Z/11
Q15606894,+1967-12-25T00:00:00Z/11,Q51850225,"""11004713""",+2018-04-13T00:00:00Z/11
Q40880169,+1969-09-20T00:00:00Z/11,Q51850225,"""11004714""",+2018-04-13T00:00:00Z/11
Q40998541,+1973-03-10T00:00:00Z/11,Q51850225,"""11004715""",+2018-04-13T00:00:00Z/11
Q15804500,+1976-08-10T00:00:00Z/11,Q51850225,"""11004716""",+2018-04-13T00:00:00Z/11
Q40999268,+1955-04-09T00:00:00Z/11,Q51850225,"""11004717""",+2018-04-13T00:00:00Z/11
Q40998811,+1966-06-18T00:00:00Z/11,Q51850225,"""11004719""",+2018-04-13T00:00:00Z/11
Q40978414,+1985-06-15T00:00:00Z/11,Q51850225,"""11004720""",+2018-04-13T00:00:00Z/11
Q24540200,+1991-02-25T00:00:00Z/11,Q51850225,"""11004721""",+2018-04-13T00:00:00Z/11
Q40571929,+1968-08-30T00:00:00Z/11,Q51850225,"""11004722""",+2018-04-13T00:00:00Z/11
Q21014671,+1958-09-07T00:00:00Z/11,Q51850225,"""11004723""",+2018-04-13T00:00:00Z/11
Q1670311,+1941-02-20T00:00:00Z/11,Q51850225,"""11004724""",+2018-04-13T00:00:00Z/11
Q40805630,+1942-01-12T00:00:00Z/11,Q51850225,"""11004725""",+2018-04-13T00:00:00Z/11
Q2336360,+1976-07-09T00:00:00Z/11,Q51850225,"""11004726""",+2018-04-13T00:00:00Z/11
Q20645389,+1942-01-08T00:00:00Z/11,Q51850225,"""11004727""",+2018-04-13T00:00:00Z/11
Q40958927,+1945-02-04T00:00:00Z/11,Q51850225,"""11004728""",+2018-04-13T00:00:00Z/11
Q40999347,+1958-01-07T00:00:00Z/11,Q51850225,"""11004729""",+2018-04-13T00:00:00Z/11
Q103160,+1940-03-30T00:00:00Z/11,Q51850225,"""11004730""",+2018-04-13T00:00:00Z/11
Q40476219,+1965-12-12T00:00:00Z/11,Q51850225,"""11004731""",+2018-04-13T00:00:00Z/11
Q2434972,+1976-01-04T00:00:00Z/11,Q51850225,"""11004732""",+2018-04-13T00:00:00Z/11
Q40998214,+1963-01-07T00:00:00Z/11,Q51850225,"""11004733""",+2018-04-13T00:00:00Z/11
Q2424482,+1967-10-09T00:00:00Z/11,Q51850225,"""11004734""",+2018-04-13T00:00:00Z/11
Q16318408,+1957-07-23T00:00:00Z/11,Q51850225,"""11004735""",+2018-04-13T00:00:00Z/11
Q40472081,+1974-08-16T00:00:00Z/11,Q51850225,"""11004736""",+2018-04-13T00:00:00Z/11
Q40999331,+1974-03-29T00:00:00Z/11,Q51850225,"""11004737""",+2018-04-13T00:00:00Z/11
Q40980390,+1954-09-22T00:00:00Z/11,Q51850225,"""11004738""",+2018-04-13T00:00:00Z/11
Q40475799,+1973-01-11T00:00:00Z/11,Q51850225,"""11004739""",+2018-04-13T00:00:00Z/11
Q40694068,+1959-11-10T00:00:00Z/11,Q51850225,"""11004740""",+2018-04-13T00:00:00Z/11
Q2424616,+1964-07-16T00:00:00Z/11,Q51850225,"""11004741""",+2018-04-13T00:00:00Z/11
Q41566062,+1986-04-02T00:00:00Z/11,Q51850225,"""11004742""",+2018-04-13T00:00:00Z/11
Q40873836,+1959-05-04T00:00:00Z/11,Q51850225,"""11004743""",+2018-04-13T00:00:00Z/11
Q40999107,+1976-06-01T00:00:00Z/11,Q51850225,"""11004744""",+2018-04-13T00:00:00Z/11
Q40998965,+1971-02-24T00:00:00Z/11,Q51850225,"""11004745""",+2018-04-13T00:00:00Z/11
Q2444869,+1973-08-23T00:00:00Z/11,Q51850225,"""11004746""",+2018-04-13T00:00:00Z/11
Q40998789,+1962-11-28T00:00:00Z/11,Q51850225,"""11004747""",+2018-04-13T00:00:00Z/11
Q42222998,+1977-04-12T00:00:00Z/11,Q51850225,"""11004748""",+2018-04-13T00:00:00Z/11
Q40895536,+1971-01-11T00:00:00Z/11,Q51850225,"""11004749""",+2018-04-13T00:00:00Z/11
Q1557103,+1972-05-05T00:00:00Z/11,Q51850225,"""11004750""",+2018-04-13T00:00:00Z/11
Q40999302,+1956-01-11T00:00:00Z/11,Q51850225,"""11004751""",+2018-04-13T00:00:00Z/11
Q40589032,+1964-12-12T00:00:00Z/11,Q51850225,"""11004752""",+2018-04-13T00:00:00Z/11
Q40999236,+1970-02-10T00:00:00Z/11,Q51850225,"""11004753""",+2018-04-13T00:00:00Z/11
Q1514489,+1975-06-30T00:00:00Z/11,Q51850225,"""11004754""",+2018-04-13T00:00:00Z/11
Q41244415,+1960-01-18T00:00:00Z/11,Q51850225,"""11004756""",+2018-04-13T00:00:00Z/11
Q40997670,+1957-12-09T00:00:00Z/11,Q51850225,"""11004757""",+2018-04-13T00:00:00Z/11
Q1723783,+1975-08-19T00:00:00Z/11,Q51850225,"""11004759""",+2018-04-13T00:00:00Z/11
Q28914130,+1948-01-13T00:00:00Z/11,Q51850225,"""11004760""",+2018-04-13T00:00:00Z/11
Q26270011,+1970-08-01T00:00:00Z/11,Q51850225,"""11004761""",+2018-04-13T00:00:00Z/11
Q13533978,+1961-09-27T00:00:00Z/11,Q51850225,"""11004762""",+2018-04-13T00:00:00Z/11
Q40892185,+1960-04-29T00:00:00Z/11,Q51850225,"""11004763""",+2018-04-13T00:00:00Z/11
Q40983433,+1987-01-12T00:00:00Z/11,Q51850225,"""11004764""",+2018-04-13T00:00:00Z/11
Q35975111,+1956-01-06T00:00:00Z/11,Q51850225,"""11004765""",+2018-04-13T00:00:00Z/11
Q1577714,+1952-02-20T00:00:00Z/11,Q51850225,"""11004766""",+2018-04-13T00:00:00Z/11
Q40847784,+1973-06-19T00:00:00Z/11,Q51850225,"""11004767""",+2018-04-13T00:00:00Z/11
Q1774046,+1968-05-23T00:00:00Z/11,Q51850225,"""11004768""",+2018-04-13T00:00:00Z/11
Q40997626,+1977-12-20T00:00:00Z/11,Q51850225,"""11004769""",+2018-04-13T00:00:00Z/11
Q1663079,+1978-04-04T00:00:00Z/11,Q51850225,"""11004770""",+2018-04-13T00:00:00Z/11
Q40999425,+1987-03-04T00:00:00Z/11,Q51850225,"""11004771""",+2018-04-13T00:00:00Z/11
Q40874199,+1958-08-19T00:00:00Z/11,Q51850225,"""11004772""",+2018-04-13T00:00:00Z/11
Q1743637,+1966-11-03T00:00:00Z/11,Q51850225,"""11004773""",+2018-04-13T00:00:00Z/11
Q40999257,+1979-04-23T00:00:00Z/11,Q51850225,"""11004774""",+2018-04-13T00:00:00Z/11
Q2425648,+1965-02-20T00:00:00Z/11,Q51850225,"""11004775""",+2018-04-13T00:00:00Z/11
Q39678866,+1964-08-02T00:00:00Z/11,Q51850225,"""11004776""",+2018-04-13T00:00:00Z/11
Q40998844,+1971-12-25T00:00:00Z/11,Q51850225,"""11004777""",+2018-04-13T00:00:00Z/11
Q40876446,+1972-08-19T00:00:00Z/11,Q51850225,"""11004778""",+2018-04-13T00:00:00Z/11
Q40998109,+1973-05-29T00:00:00Z/11,Q51850225,"""11004779""",+2018-04-13T00:00:00Z/11
Q1734454,+1977-12-02T00:00:00Z/11,Q51850225,"""11004780""",+2018-04-13T00:00:00Z/11
Q40978854,+1986-02-22T00:00:00Z/11,Q51850225,"""11004781""",+2018-04-13T00:00:00Z/11
Q40997678,+1980-12-04T00:00:00Z/11,Q51850225,"""11004782""",+2018-04-13T00:00:00Z/11
Q40974956,+1987-02-19T00:00:00Z/11,Q51850225,"""11004783""",+2018-04-13T00:00:00Z/11
Q40997285,+1980-12-22T00:00:00Z/11,Q51850225,"""11004784""",+2018-04-13T00:00:00Z/11
Q40998056,+1986-08-20T00:00:00Z/11,Q51850225,"""11004786""",+2018-04-13T00:00:00Z/11
Q26792878,+1968-08-06T00:00:00Z/11,Q51850225,"""11004787""",+2018-04-13T00:00:00Z/11
Q40921995,+1967-10-29T00:00:00Z/11,Q51850225,"""11004788""",+2018-04-13T00:00:00Z/11
Q40999227,+1982-09-19T00:00:00Z/11,Q51850225,"""11004789""",+2018-04-13T00:00:00Z/11
Q18202322,+1985-07-27T00:00:00Z/11,Q51850225,"""11004790""",+2018-04-13T00:00:00Z/11
Q40846824,+1971-04-29T00:00:00Z/11,Q51850225,"""11004791""",+2018-04-13T00:00:00Z/11
Q40984890,+1974-01-08T00:00:00Z/11,Q51850225,"""11004792""",+2018-04-13T00:00:00Z/11
Q2642495,+1975-12-08T00:00:00Z/11,Q51850225,"""11004793""",+2018-04-13T00:00:00Z/11
Q40998043,+1972-03-16T00:00:00Z/11,Q51850225,"""11004795""",+2018-04-13T00:00:00Z/11
Q16216417,+1989-02-11T00:00:00Z/11,Q51850225,"""11004796""",+2018-04-13T00:00:00Z/11
Q40997988,+1981-08-12T00:00:00Z/11,Q51850225,"""11004797""",+2018-04-13T00:00:00Z/11
Q71763,+1966-11-05T00:00:00Z/11,Q51850225,"""11004798""",+2018-04-13T00:00:00Z/11
Q40998225,+1977-08-26T00:00:00Z/11,Q51850225,"""11004799""",+2018-04-13T00:00:00Z/11
Q62995,+1967-12-19T00:00:00Z/11,Q51850225,"""11004800""",+2018-04-13T00:00:00Z/11
Q2371230,+1979-12-04T00:00:00Z/11,Q51850225,"""11004801""",+2018-04-13T00:00:00Z/11
Q40998992,+1976-12-06T00:00:00Z/11,Q51850225,"""11004802""",+2018-04-13T00:00:00Z/11
Q21014891,+1986-05-17T00:00:00Z/11,Q51850225,"""11004805""",+2018-04-13T00:00:00Z/11
Q30579521,+1955-07-30T00:00:00Z/11,Q51850225,"""11004806""",+2018-04-13T00:00:00Z/11
Q40848063,+1951-08-19T00:00:00Z/11,Q51850225,"""11004807""",+2018-04-13T00:00:00Z/11
Q108447,+1966-09-19T00:00:00Z/11,Q51850225,"""11004809""",+2018-04-13T00:00:00Z/11
Q23060128,+1952-06-29T00:00:00Z/11,Q51850225,"""11004810""",+2018-04-13T00:00:00Z/11
Q39238058,+1962-02-10T00:00:00Z/11,Q51850225,"""11004811""",+2018-04-13T00:00:00Z/11
Q20753082,+1944-06-19T00:00:00Z/11,Q51850225,"""11004812""",+2018-04-13T00:00:00Z/11
Q40572710,+1964-08-12T00:00:00Z/11,Q51850225,"""11004813""",+2018-04-13T00:00:00Z/11
Q750695,+1967-01-02T00:00:00Z/11,Q51850225,"""11004814""",+2018-04-13T00:00:00Z/11
Q40998591,+1968-01-08T00:00:00Z/11,Q51850225,"""11004815""",+2018-04-13T00:00:00Z/11
Q99663,+1959-08-03T00:00:00Z/11,Q51850225,"""11004816""",+2018-04-13T00:00:00Z/11
Q16999689,+1980-03-07T00:00:00Z/11,Q51850225,"""11004817""",+2018-04-13T00:00:00Z/11
Q40136224,+1975-03-07T00:00:00Z/11,Q51850225,"""11004819""",+2018-04-13T00:00:00Z/11
Q123171,+1975-08-30T00:00:00Z/11,Q51850225,"""11004820""",+2018-04-13T00:00:00Z/11
Q40878850,+1983-05-17T00:00:00Z/11,Q51850225,"""11004821""",+2018-04-13T00:00:00Z/11
Q40984442,+1975-08-16T00:00:00Z/11,Q51850225,"""11004822""",+2018-04-13T00:00:00Z/11
Q41080910,+1980-01-16T00:00:00Z/11,Q51850225,"""11004823""",+2018-04-13T00:00:00Z/11
Q41111971,+1984-07-23T00:00:00Z/11,Q51850225,"""11004824""",+2018-04-13T00:00:00Z/11
Q40998854,+1968-12-15T00:00:00Z/11,Q51850225,"""11004825""",+2018-04-13T00:00:00Z/11
Q40998750,+1983-07-20T00:00:00Z/11,Q51850225,"""11004826""",+2018-04-13T00:00:00Z/11
Q23564779,+1958-01-18T00:00:00Z/11,Q51850225,"""11004827""",+2018-04-13T00:00:00Z/11
Q40998561,+1969-07-17T00:00:00Z/11,Q51850225,"""11004828""",+2018-04-13T00:00:00Z/11
Q40998023,+1963-07-24T00:00:00Z/11,Q51850225,"""11004829""",+2018-04-13T00:00:00Z/11
Q6523639,+1981-08-10T00:00:00Z/11,Q51850225,"""11004830""",+2018-04-13T00:00:00Z/11
Q40879872,+1968-04-30T00:00:00Z/11,Q51850225,"""11004831""",+2018-04-13T00:00:00Z/11
Q40999402,+1989-01-22T00:00:00Z/11,Q51850225,"""11004832""",+2018-04-13T00:00:00Z/11
Q40999014,+1992-12-12T00:00:00Z/11,Q51850225,"""11004833""",+2018-04-13T00:00:00Z/11
Q41594734,+1982-06-13T00:00:00Z/11,Q51850225,"""11004834""",+2018-04-13T00:00:00Z/11
Q40895849,+1964-08-08T00:00:00Z/11,Q51850225,"""11004835""",+2018-04-13T00:00:00Z/11
Q33309067,+1989-07-02T00:00:00Z/11,Q51850225,"""11004836""",+2018-04-13T00:00:00Z/11
Q40998599,+1980-01-29T00:00:00Z/11,Q51850225,"""11004837""",+2018-04-13T00:00:00Z/11
Q40810647,+1964-11-07T00:00:00Z/11,Q51850225,"""11004839""",+2018-04-13T00:00:00Z/11
Q2080285,+1965-12-12T00:00:00Z/11,Q51850225,"""11004841""",+2018-04-13T00:00:00Z/11
Q40650476,+1988-12-30T00:00:00Z/11,Q51850225,"""11004842""",+2018-04-13T00:00:00Z/11
Q40993181,+1960-02-17T00:00:00Z/11,Q51850225,"""11004843""",+2018-04-13T00:00:00Z/11
Q40919890,+1986-11-25T00:00:00Z/11,Q51850225,"""11004844""",+2018-04-13T00:00:00Z/11
Q40999127,+1971-01-04T00:00:00Z/11,Q51850225,"""11004845""",+2018-04-13T00:00:00Z/11
Q40880800,+1955-12-07T00:00:00Z/11,Q51850225,"""11004846""",+2018-04-13T00:00:00Z/11
Q40470241,+1960-04-21T00:00:00Z/11,Q51850225,"""11004847""",+2018-04-13T00:00:00Z/11
Q40999339,+1977-02-11T00:00:00Z/11,Q51850225,"""11004848""",+2018-04-13T00:00:00Z/11
Q1728909,+1982-02-01T00:00:00Z/11,Q51850225,"""11004849""",+2018-04-13T00:00:00Z/11
Q40881740,+1982-09-04T00:00:00Z/11,Q51850225,"""11004850""",+2018-04-13T00:00:00Z/11
Q7477615,+1975-06-01T00:00:00Z/11,Q51850225,"""11004851""",+2018-04-13T00:00:00Z/11
Q315151,+1965-02-01T00:00:00Z/11,Q51850225,"""11004852""",+2018-04-13T00:00:00Z/11
Q40998066,+1987-02-17T00:00:00Z/11,Q51850225,"""11004853""",+2018-04-13T00:00:00Z/11
Q40974976,+1985-07-19T00:00:00Z/11,Q51850225,"""11004854""",+2018-04-13T00:00:00Z/11
Q40881384,+1946-05-30T00:00:00Z/11,Q51850225,"""11004855""",+2018-04-13T00:00:00Z/11
Q40471077,+1964-01-07T00:00:00Z/11,Q51850225,"""11004856""",+2018-04-13T00:00:00Z/11
Q103972,+1978-07-11T00:00:00Z/11,Q51850225,"""11004857""",+2018-04-13T00:00:00Z/11
Q40881060,+1977-11-08T00:00:00Z/11,Q51850225,"""11004858""",+2018-04-13T00:00:00Z/11
Q36338130,+1969-07-30T00:00:00Z/11,Q51850225,"""11004859""",+2018-04-13T00:00:00Z/11
Q29946731,+1954-05-05T00:00:00Z/11,Q51850225,"""11004862""",+2018-04-13T00:00:00Z/11
Q1366533,+1954-02-03T00:00:00Z/11,Q51850225,"""11004863""",+2018-04-13T00:00:00Z/11
Q40999004,+1971-05-01T00:00:00Z/11,Q51850225,"""11004864""",+2018-04-13T00:00:00Z/11
Q69346,+1955-10-30T00:00:00Z/11,Q51850225,"""11004865""",+2018-04-13T00:00:00Z/11
Q40998264,+1972-05-09T00:00:00Z/11,Q51850225,"""11004866""",+2018-04-13T00:00:00Z/11
Q40999099,+1978-12-23T00:00:00Z/11,Q51850225,"""11004867""",+2018-04-13T00:00:00Z/11
Q1527508,+1949-06-05T00:00:00Z/11,Q51850225,"""11004869""",+2018-04-13T00:00:00Z/11
Q2337497,+1966-01-14T00:00:00Z/11,Q51850225,"""11004870""",+2018-04-13T00:00:00Z/11
Q40975213,+1980-02-11T00:00:00Z/11,Q51850225,"""11004871""",+2018-04-13T00:00:00Z/11
Q40998741,+1969-06-17T00:00:00Z/11,Q51850225,"""11004873""",+2018-04-13T00:00:00Z/11
Q1677371,+1958-11-12T00:00:00Z/11,Q51850225,"""11004874""",+2018-04-13T00:00:00Z/11
Q40813332,+1967-02-19T00:00:00Z/11,Q51850225,"""11004875""",+2018-04-13T00:00:00Z/11
Q477845,+1973-07-11T00:00:00Z/11,Q51850225,"""11004876""",+2018-04-13T00:00:00Z/11
Q40998233,+1981-05-19T00:00:00Z/11,Q51850225,"""11004877""",+2018-04-13T00:00:00Z/11
Q20243187,+1966-02-14T00:00:00Z/11,Q51850225,"""11004878""",+2018-04-13T00:00:00Z/11
Q40974933,+1966-03-29T00:00:00Z/11,Q51850225,"""11004879""",+2018-04-13T00:00:00Z/11
Q40847360,+1964-05-14T00:00:00Z/11,Q51850225,"""11004880""",+2018-04-13T00:00:00Z/11
Q40998834,+1983-08-17T00:00:00Z/11,Q51850225,"""11004881""",+2018-04-13T00:00:00Z/11
Q40998077,+1958-03-12T00:00:00Z/11,Q51850225,"""11004882""",+2018-04-13T00:00:00Z/11
Q1403798,+1986-01-29T00:00:00Z/11,Q51850225,"""11004883""",+2018-04-13T00:00:00Z/11
Q40998033,+1977-07-03T00:00:00Z/11,Q51850225,"""11004884""",+2018-04-13T00:00:00Z/11
Q40974942,+1976-08-04T00:00:00Z/11,Q51850225,"""11004885""",+2018-04-13T00:00:00Z/11
Q17905,+1955-12-20T00:00:00Z/11,Q51850225,"""11004886""",+2018-04-13T00:00:00Z/11
Q40896698,+1961-12-12T00:00:00Z/11,Q51850225,"""11004888""",+2018-04-13T00:00:00Z/11
Q40999416,+1968-02-29T00:00:00Z/11,Q51850225,"""11004889""",+2018-04-13T00:00:00Z/11
Q40998778,+1984-02-28T00:00:00Z/11,Q51850225,"""11004890""",+2018-04-13T00:00:00Z/11
Q40436370,+1967-10-08T00:00:00Z/11,Q51850225,"""11004891""",+2018-04-13T00:00:00Z/11
Q40879307,+1980-06-10T00:00:00Z/11,Q51850225,"""11004892""",+2018-04-13T00:00:00Z/11
Q40998580,+1981-05-18T00:00:00Z/11,Q51850225,"""11004893""",+2018-04-13T00:00:00Z/11
Q19969784,+1978-06-30T00:00:00Z/11,Q51850225,"""11004894""",+2018-04-13T00:00:00Z/11
Q124581,+1971-02-07T00:00:00Z/11,Q51850225,"""11004897""",+2018-04-13T00:00:00Z/11
Q18019298,+1944-04-10T00:00:00Z/11,Q51850225,"""11004898""",+2018-04-13T00:00:00Z/11
Q40983005,+1971-11-03T00:00:00Z/11,Q51850225,"""11004899""",+2018-04-13T00:00:00Z/11
Q40846468,+1979-07-15T00:00:00Z/11,Q51850225,"""11004900""",+2018-04-13T00:00:00Z/11
Q40915597,+1981-11-04T00:00:00Z/11,Q51850225,"""11004901""",+2018-04-13T00:00:00Z/11
Q39080194,+1968-05-12T00:00:00Z/11,Q51850225,"""11004902""",+2018-04-13T00:00:00Z/11
Q40999248,+1972-01-07T00:00:00Z/11,Q51850225,"""11004903""",+2018-04-13T00:00:00Z/11
Q40999283,+1970-02-21T00:00:00Z/11,Q51850225,"""11004904""",+2018-04-13T00:00:00Z/11
Q14924803,+1971-05-27T00:00:00Z/11,Q51850225,"""11004905""",+2018-04-13T00:00:00Z/11
Q15391841,+1958-03-10T00:00:00Z/11,Q51850225,"""11004906""",+2018-04-13T00:00:00Z/11
Q40999023,+1961-08-05T00:00:00Z/11,Q51850225,"""11004907""",+2018-04-13T00:00:00Z/11
Q40998001,+1987-02-09T00:00:00Z/11,Q51850225,"""11004908""",+2018-04-13T00:00:00Z/11
Q40997607,+1963-04-13T00:00:00Z/11,Q51850225,"""11004909""",+2018-04-13T00:00:00Z/11
Q95577,+1975-12-30T00:00:00Z/11,Q51850225,"""11004910""",+2018-04-13T00:00:00Z/11
Q40997976,+1981-04-22T00:00:00Z/11,Q51850225,"""11004911""",+2018-04-13T00:00:00Z/11
Q1610440,+1964-01-19T00:00:00Z/11,Q51850225,"""11004912""",+2018-04-13T00:00:00Z/11
Q1710235,+1981-04-22T00:00:00Z/11,Q51850225,"""11004913""",+2018-04-13T00:00:00Z/11
Q109925,+1967-01-12T00:00:00Z/11,Q51850225,"""11004914""",+2018-04-13T00:00:00Z/11
Q41580479,+1955-08-11T00:00:00Z/11,Q51850225,"""11004915""",+2018-04-13T00:00:00Z/11
Q2643140,+1968-09-08T00:00:00Z/11,Q51850225,"""11004917""",+2018-04-13T00:00:00Z/11
Q1223301,+1955-08-30T00:00:00Z/11,Q51850225,"""11004918""",+2018-04-13T00:00:00Z/11
Q1901834,+1964-01-01T00:00:00Z/11,Q51850225,"""11004921""",+2018-04-13T00:00:00Z/11
Q38504341,+1963-01-02T00:00:00Z/11,Q51850225,"""11004922""",+2018-04-13T00:00:00Z/11
Q40999439,+1962-12-23T00:00:00Z/11,Q51850225,"""11004923""",+2018-04-13T00:00:00Z/11
Q40999043,+1976-09-06T00:00:00Z/11,Q51850225,"""11004924""",+2018-04-13T00:00:00Z/11
Q1086155,+1974-12-04T00:00:00Z/11,Q51850225,"""11004926""",+2018-04-13T00:00:00Z/11
Q40998098,+1972-04-16T00:00:00Z/11,Q51850225,"""11004927""",+2018-04-13T00:00:00Z/11
Q40999117,+1969-09-08T00:00:00Z/11,Q51850225,"""11004929""",+2018-04-13T00:00:00Z/11
Q27975838,+1979-02-06T00:00:00Z/11,Q51850225,"""11004930""",+2018-04-13T00:00:00Z/11
Q40998975,+1967-11-13T00:00:00Z/11,Q51850225,"""11004931""",+2018-04-13T00:00:00Z/11
Q40477677,+1959-08-30T00:00:00Z/11,Q51850225,"""11004932""",+2018-04-13T00:00:00Z/11
Q40980201,+1964-10-20T00:00:00Z/11,Q51850225,"""11004933""",+2018-04-13T00:00:00Z/11
Q850085,+1966-10-20T00:00:00Z/11,Q51850225,"""11004934""",+2018-04-13T00:00:00Z/11
Q40897036,+1952-05-19T00:00:00Z/11,Q51850225,"""11004935""",+2018-04-13T00:00:00Z/11
Q40473868,+1963-04-27T00:00:00Z/11,Q51850225,"""11004936""",+2018-04-13T00:00:00Z/11
Q40983704,+1959-10-01T00:00:00Z/11,Q51850225,"""11004937""",+2018-04-13T00:00:00Z/11
Q18169686,+1985-09-06T00:00:00Z/11,Q51850225,"""11004938""",+2018-04-13T00:00:00Z/11
Q40999997,+1989-08-14T00:00:00Z/11,Q51850225,"""11004941""",+2018-04-13T00:00:00Z/11
Q43464224,+1984-09-28T00:00:00Z/11,Q51850225,"""11004942""",+2018-04-13T00:00:00Z/11
